pr_number,title,url,status,created_at,merged_at,closed_at,labels,component,num_commits,additions,deletions,changed_files,review_comments_count,days_open,reviewers,related_issues,summary,potential_rationale,category,change_type
31595,qa: Ensure consistent use of decimals instead of floats,https://github.com/bitcoin/bitcoin/pull/31595,closed,2025-01-02T20:50:39Z,,2025-01-04T15:01:49Z,Tests,Tests,2,205,186,28,6,1,l0rinc;mzumsande,,Changes functional tests to use decimal numbers instead of float numbers to fix test failures on NetBSD with newer Python versions.,"This change likely improves test reliability across different operating systems and Python versions, which may help ensure Bitcoin Core's testing infrastructure works consistently for developers and maintainers on various platforms.",tests,bugfix
31597,ci: Switch to latest macOS and Windows images,https://github.com/bitcoin/bitcoin/pull/31597,closed,2025-01-03T09:04:05Z,,2025-01-06T10:23:06Z,Tests,Tests,1,5,5,1,3,3,maflcko,,Updates the continuous integration system to use the latest macOS and Windows runner images and upgrades Xcode to version 16.2.,"This update likely ensures Bitcoin Core is built and tested against more current operating system versions and development tools, which may help catch compatibility issues earlier and maintain support for users on newer systems.",build,cleanup
31613,"depends, NetBSD: Fix `bdb` package compilation with GCC-14",https://github.com/bitcoin/bitcoin/pull/31613,closed,2025-01-06T15:55:15Z,,2025-01-23T11:51:58Z,Build system,Build system,1,1,0,1,0,16,,,Fixes compilation issues with the Berkeley DB dependency package when building on NetBSD 10 using GCC-14 compiler.,"This fix likely ensures Bitcoin Core can be built successfully on NetBSD systems with newer compiler versions, which may help maintain platform compatibility for users and developers working on diverse Unix-like systems.",build,bugfix
31617,"build, test: Build `db_tests.cpp` regardless of `USE_BDB`",https://github.com/bitcoin/bitcoin/pull/31617,merged,2025-01-07T16:06:22Z,2025-01-09T23:46:18Z,2025-01-09T23:46:18Z,Wallet;Build system;Tests,Wallet,1,3,6,2,0,2,theuni,,"Modifies the build system to always compile database tests regardless of whether Berkeley DB support is enabled, since the tests now cover both BDB and SQLite wallets.","This change likely ensures more comprehensive test coverage by running wallet database tests even when BDB is disabled, which may help catch SQLite wallet issues that were previously missed in certain build configurations.",tests,bugfix
31626,depends: Use base system's `sha256sum` utility on FreeBSD,https://github.com/bitcoin/bitcoin/pull/31626,merged,2025-01-09T12:22:40Z,2025-01-17T14:02:09Z,2025-01-17T14:02:09Z,Build system,Build system,1,1,1,1,8,8,davidgumberg;l0rinc;theuni,,Changes the build system to use FreeBSD's built-in sha256sum utility instead of requiring the separate shasum utility from the perl5 port.,"This change likely simplifies the build process on FreeBSD by removing an external dependency requirement, which may help reduce setup complexity for developers building Bitcoin Core on FreeBSD systems.",build,cleanup
31627,depends: Fix spacing issue,https://github.com/bitcoin/bitcoin/pull/31627,merged,2025-01-09T13:42:19Z,2025-01-10T11:17:34Z,2025-01-10T11:17:34Z,Build system,Build system,1,1,1,1,0,0,sedited;theuni,,"Fixes a spacing issue in the build system where a missing space caused the AR and NM variables to be concatenated incorrectly, leading to build tool failures.",This likely helps ensure reliable builds by preventing archiver and name listing tool failures that could break the Bitcoin Core compilation process on various systems.,build,bugfix
31661,depends: Override default build type for `libevent`,https://github.com/bitcoin/bitcoin/pull/31661,merged,2025-01-15T09:28:26Z,2025-01-21T17:04:43Z,2025-01-21T17:04:43Z,Build system,Build system,1,2,1,1,3,6,fanquake;thomasplantin,,Overrides the default build type for the libevent dependency to prevent it from using its own optimization flags that conflict with Bitcoin Core's build configuration.,"This may help maintain consistent optimization and debugging settings across all dependencies, which could be important for security auditing and ensuring predictable performance characteristics.",build,bugfix
31662,cmake: Do not modify `CMAKE_TRY_COMPILE_TARGET_TYPE` globally,https://github.com/bitcoin/bitcoin/pull/31662,merged,2025-01-15T15:45:53Z,2025-02-20T20:07:07Z,2025-02-20T20:07:07Z,Build system,Build system,6,76,64,7,30,36,TheCharlatan;theuni,,"Modifies the CMake configuration to avoid globally changing the compile target type setting, which affects how CMake performs internal compilation checks.","This likely improves build system reliability by preventing unintended side effects on CMake's feature detection and compilation tests, which could lead to incorrect build configurations.",build,refactor
31669,cmake: Introduce `WITH_PYTHON` build option,https://github.com/bitcoin/bitcoin/pull/31669,closed,2025-01-16T09:29:41Z,,2025-06-28T11:30:43Z,Build system,Build system,1,10,13,1,6,163,fanquake;janb84;maflcko,,"Introduces a WITH_PYTHON build option that makes Python availability an explicit requirement, causing builds to fail by default when the minimum Python version is not available.","This appears to improve build predictability by making Python dependencies explicit rather than silently degrading functionality, which may help developers catch missing dependencies earlier in the build process.",build,feature
31709,cmake: Fail if `Libmultiprocess` is missing when `WITH_MULTIPROCESS=ON`,https://github.com/bitcoin/bitcoin/pull/31709,merged,2025-01-22T17:35:32Z,2025-01-23T09:46:49Z,2025-01-23T09:46:49Z,Build system,Build system,1,2,2,1,0,0,ryanofsky;sedited;vasild,,Makes the build system fail explicitly when multiprocess support is enabled but the required Libmultiprocess dependency is missing.,This likely prevents silent build failures or incomplete multiprocess functionality by ensuring all required dependencies are present when multiprocess features are explicitly requested by developers.,build,bugfix
31722,cmake: Copy `cov_tool_wrapper.sh.in` to the build tree,https://github.com/bitcoin/bitcoin/pull/31722,merged,2025-01-23T10:51:17Z,2025-02-13T09:34:36Z,2025-02-13T09:34:36Z,Bug;Build system,Build system,1,2,1,3,2,20,jimhashhq;theuni,,Fixes a bug where the code coverage tool wrapper script wasn't accessible when running coverage analysis from different directories.,"This likely improves the developer experience by making code coverage testing more reliable and accessible from any working directory, which may help encourage better test coverage practices among Bitcoin Core contributors.",build,bugfix
31724,cmake: Fix `-pthread` flags presentation in summary,https://github.com/bitcoin/bitcoin/pull/31724,closed,2025-01-23T14:08:33Z,,2025-11-20T17:25:01Z,Build system,Build system,1,12,1,1,10,301,davidgumberg;fanquake,,Cleans up the CMake build summary output by removing raw generator expressions from the pthread flags display.,"This appears to improve the developer experience by making build configuration summaries more readable and professional-looking, which may help developers better understand their build settings and catch configuration issues.",build,cleanup
31726,ci: Replace `CMAKE_CXX_FLAGS` with `APPEND_CXXFLAGS`,https://github.com/bitcoin/bitcoin/pull/31726,closed,2025-01-23T15:19:48Z,,2025-02-05T17:23:13Z,Tests,Tests,2,6,8,7,4,13,maflcko,,Changes the CI system to use Bitcoin Core's custom APPEND_CXXFLAGS variable instead of CMake's standard CMAKE_CXX_FLAGS for better flag handling.,"This likely improves build reliability by ensuring compiler flags are applied only during compilation rather than both compilation and linking, which may help prevent subtle build issues and make the CI process more robust.",tests,bugfix
31764,cmake: Generate man pages at install time,https://github.com/bitcoin/bitcoin/pull/31764,closed,2025-01-30T12:33:24Z,,2025-01-30T12:57:37Z,Build system,Build system,2,13,36,11,2,0,fanquake,,Enables automatic generation of man pages during the installation process using the help2man tool.,"This appears to improve the user experience by ensuring documentation is always up-to-date with the installed binaries, which may help users access current command-line help and reduce support burden from outdated documentation.",build,feature
31765,cmake: Install man pages for configured targets only,https://github.com/bitcoin/bitcoin/pull/31765,closed,2025-01-30T13:14:08Z,,2025-02-13T16:33:57Z,Build system,Build system,1,16,8,2,5,14,BrandonOdiwuor;stickies-v,,Ensures that man pages are only installed for the specific Bitcoin Core components that were actually configured and built.,"This likely prevents installation errors and reduces disk usage by avoiding installation of documentation for components that weren't built, which may help streamline deployments and reduce confusion about available functionality.",build,bugfix
31779,cmake: Improve safety and robustness during building `crc32c` subtree,https://github.com/bitcoin/bitcoin/pull/31779,closed,2025-02-02T13:32:10Z,,2025-02-14T09:25:09Z,Build system,Build system,3,27,8,1,3,11,fanquake,,Improves the safety and robustness of the custom cmake build script for the crc32c subtree by better handling upstream changes and build order dependencies.,"This likely helps prevent build failures and ensures that upstream changes to the crc32c library are properly tracked, which may improve the reliability of Bitcoin Core's build process and reduce maintenance overhead.",build,bugfix
31800,depends: Avoid using the `-ffile-prefix-map` compiler option,https://github.com/bitcoin/bitcoin/pull/31800,merged,2025-02-05T14:56:12Z,2025-02-07T11:10:02Z,2025-02-07T11:10:02Z,Build system,Build system,1,4,4,4,0,1,theuni,,Removes the `-ffile-prefix-map` compiler option from all dependency packages to fix compatibility issues with OSS-Fuzz builds.,"This appears to resolve build compatibility issues that may prevent Bitcoin Core from being properly tested in fuzzing environments, which could help maintain code quality and security through better automated testing coverage.",build,bugfix
31804,ci: Remove no longer needed `-Wno-error=documentation`,https://github.com/bitcoin/bitcoin/pull/31804,merged,2025-02-05T17:25:45Z,2025-02-06T10:01:12Z,2025-02-06T10:01:12Z,Tests,Tests,1,0,1,1,0,0,,,Removes the no longer needed `-Wno-error=documentation` compiler flag from CI builds.,"This likely cleans up the build configuration by removing obsolete compiler flags, which may help maintain cleaner build processes and ensure documentation warnings are properly caught during development.",tests,cleanup
31809,"Prepare ""Open Transifex translations for v29.0"" release step",https://github.com/bitcoin/bitcoin/pull/31809,merged,2025-02-06T10:44:36Z,2025-02-06T20:22:17Z,2025-02-06T20:22:17Z,GUI,GUI,3,1283,1236,5,0,0,stickies-v,,Prepares the codebase for opening Transifex translations for the upcoming v29.0 release as part of the standard release process.,"This appears to be necessary for enabling community translation of the GUI for the next major release, which may help improve Bitcoin Core's accessibility to non-English speaking users worldwide.",gui,feature
31869,cmake: Add `libbitcoinkernel` target,https://github.com/bitcoin/bitcoin/pull/31869,merged,2025-02-14T17:09:55Z,2025-02-17T15:31:14Z,2025-02-17T15:31:14Z,Build system,Build system,2,9,5,1,2,2,BrandonOdiwuor;TheCharlatan;purpleKarrot;theuni,,Adds a convenience `libbitcoinkernel` target to the cmake build system and renames the bitcoinkernel component for consistency.,"This likely improves the developer experience by providing clearer naming and easier build targets for the kernel library, which may facilitate external projects that want to integrate with Bitcoin Core's consensus engine.",build,refactor
31880,cmake: Add optional sources to `minisketch` library directly,https://github.com/bitcoin/bitcoin/pull/31880,merged,2025-02-16T12:52:02Z,2025-02-25T19:12:03Z,2025-02-25T19:12:03Z,Build system,Build system,1,22,30,1,0,9,theuni,,Improves the CMake build system by adding optional sources directly to the minisketch library and removing a workaround for a CMake bug.,"This change likely improves the build system's maintainability and reliability by simplifying the minisketch library configuration, which may help developers compile Bitcoin Core more consistently across different environments.",build,refactor
31884,cmake: Make implicit `libbitcoinkernel` dependencies explicit,https://github.com/bitcoin/bitcoin/pull/31884,merged,2025-02-16T16:10:35Z,2025-02-20T17:08:41Z,2025-02-20T17:08:41Z,Build system,Build system,2,6,8,3,0,4,TheCharlatan;theuni,,Fixes CMake build system regressions by making implicit libbitcoinkernel dependencies explicit.,"This appears to address build failures that could prevent developers from successfully compiling the libbitcoinkernel component, which may be critical for projects that want to integrate Bitcoin's validation logic without the full node software.",build,bugfix
31899,cmake: Exclude generated sources from translation,https://github.com/bitcoin/bitcoin/pull/31899,merged,2025-02-18T17:22:11Z,2025-02-19T21:11:27Z,2025-02-19T21:11:27Z,Build system,Build system,2,7,2,1,0,1,TheCharlatan;pablomartin4btc,,Excludes generated source files from the translation build target to prevent build errors.,"This likely fixes translation workflow issues that could prevent maintainers from properly generating internationalized versions of Bitcoin Core, which may help expand Bitcoin's accessibility to non-English speaking users.",build,bugfix
31928,ci: Fix filtering out Qt-generated files from `compile_commands.json`,https://github.com/bitcoin/bitcoin/pull/31928,merged,2025-02-21T13:32:36Z,2025-02-21T15:57:48Z,2025-02-21T15:57:48Z,Tests,Tests,1,6,4,1,0,0,pablomartin4btc,,Fixes the filtering of Qt-generated files from compile_commands.json and optimizes the clang-tidy process.,"This appears to improve the development workflow by ensuring code analysis tools work correctly with the CMake build system, which may help developers catch bugs and maintain code quality more effectively.",tests,bugfix
31987,"wallet: Replace ""non-0"" with ""non-zero"" in translatable error message",https://github.com/bitcoin/bitcoin/pull/31987,merged,2025-03-04T16:31:10Z,2025-03-12T19:32:29Z,2025-03-12T19:32:29Z,Wallet,Wallet,1,2,2,2,1,8,1440000bytes;BrandonOdiwuor;l0rinc;laanwj;yancyribbens,,"Changes ""non-0"" to ""non-zero"" in a translatable error message to avoid translation system warnings.","This likely improves the internationalization process by preventing translation warnings that could complicate localization efforts, which may help ensure Bitcoin Core remains accessible to users in different languages.",wallet,cleanup
32004,qt: 29.0 translations update,https://github.com/bitcoin/bitcoin/pull/32004,merged,2025-03-05T23:21:15Z,2025-03-12T01:20:41Z,2025-03-12T01:20:41Z,GUI,GUI,1,17573,4113,104,19,6,achow101;darosior;fanquake;glozow;pablomartin4btc,,Updates GUI translations for the Bitcoin Core 29.0 release as part of the standard release process.,"This likely helps maintain Bitcoin Core's accessibility to non-English speaking users by ensuring the GUI interface is properly localized, which may contribute to broader global adoption and usability of the software.",gui,feature
32014,ci: Do not try to install for fuzz builds,https://github.com/bitcoin/bitcoin/pull/32014,merged,2025-03-07T08:06:00Z,2025-03-07T14:08:30Z,2025-03-07T14:08:30Z,Tests,Tests,1,2,2,2,3,0,dergoegge,,Fixes CI configuration to avoid attempting installation steps for fuzz testing builds where it's not needed.,"This appears to improve the efficiency and reliability of the continuous integration pipeline by preventing unnecessary installation steps that could cause build failures, which may help maintain faster development cycles and more stable testing infrastructure.",tests,bugfix
32019,cmake: Check for `makensis` and `zip` tools before using them for optional `deploy` targets,https://github.com/bitcoin/bitcoin/pull/32019,merged,2025-03-07T16:23:34Z,2025-03-18T09:10:49Z,2025-03-18T09:10:49Z,Build system,Build system,2,26,12,2,7,10,fanquake;hodlinator;laanwj,,Adds checks for required tools (makensis and zip) before attempting to build deployment targets for Windows and macOS platforms.,"This likely improves the developer experience by providing clearer error messages when required packaging tools are missing, which may reduce build-related frustration and make it easier for contributors to set up proper build environments.",build,bugfix
32027,cmake: Add `NO_CACHE_IF_FAILED` option for checking linker flags,https://github.com/bitcoin/bitcoin/pull/32027,merged,2025-03-10T16:57:38Z,2025-03-27T07:44:34Z,2025-03-27T07:44:34Z,Build system,Build system,1,6,1,2,0,16,fanquake,,"Improves CMake configuration by adding a flag that prevents caching failed linker checks, particularly for sanitizer flags.","This appears to streamline the development workflow by eliminating the need to manually clear CMake cache when dependencies are installed after initial configuration failures, which may reduce developer friction and improve build system usability.",build,cleanup
32028,Update `secp256k1` subtree to latest master,https://github.com/bitcoin/bitcoin/pull/32028,merged,2025-03-10T17:37:09Z,2025-05-13T15:39:29Z,2025-05-13T15:39:29Z,Build system,Build system,2,11168,409,49,0,63,fanquake,,Updates the secp256k1 cryptographic library subtree to the latest version from upstream.,"This likely brings in bug fixes, performance improvements, or security enhancements to the elliptic curve cryptography implementation that Bitcoin relies on, which may improve the overall security and efficiency of Bitcoin's cryptographic operations.",build,feature
32054,"cmake, guix: Skip building tests in subtrees for releases",https://github.com/bitcoin/bitcoin/pull/32054,closed,2025-03-13T09:21:18Z,,2025-08-28T20:04:15Z,Build system;Needs rebase,Build system,2,12,10,4,0,168,,,Introduces a new BUILD_TEST_BINARY variable to allow building only the main test executable without building tests in dependencies like secp256k1 and univalue for release builds.,"This change likely aims to streamline the release build process by reducing compilation time and build complexity, which may help maintainers create releases more efficiently while still ensuring core functionality is tested.",build,refactor
32056,doc: Adjust path in comment,https://github.com/bitcoin/bitcoin/pull/32056,merged,2025-03-13T11:48:15Z,2025-03-13T12:18:36Z,2025-03-13T12:18:37Z,Docs,Docs,1,1,1,1,0,0,dergoegge,31161,Adjusts a file path in a comment that was overlooked in a previous PR.,This appears to be a minor documentation maintenance fix that may help prevent confusion for developers reading the code and ensure documentation accuracy after recent file reorganization.,docs,cleanup
32132,build: Remove bitness suffix from Windows installer,https://github.com/bitcoin/bitcoin/pull/32132,merged,2025-03-24T14:20:10Z,2025-03-27T07:23:43Z,2025-03-27T07:23:43Z,Windows;Build system,Build system,1,1,1,1,2,2,hodlinator;l0rinc;laanwj,,Removes the bitness suffix from Windows installer naming since 32-bit Windows support has been dropped.,"This likely simplifies the installation experience for Windows users and may help reduce confusion now that Bitcoin Core no longer supports 32-bit systems, potentially making the software easier to distribute and install.",build,cleanup
32162,depends: Switch from multilib to platform-specific toolchains,https://github.com/bitcoin/bitcoin/pull/32162,open,2025-03-29T13:34:59Z,,,Build system,Build system,1,28,48,4,11,,BrandonOdiwuor;laanwj;maflcko,,Switches the build system from using multilib GCC toolchain to platform-specific toolchains to resolve package conflicts and improve cross-compilation capabilities.,"This change likely aims to make Bitcoin Core easier to build across different platforms by resolving toolchain conflicts, which may help developers and maintainers create builds more reliably and efficiently for various architectures.",build,refactor
32182,ci: Switch to dynamic library linkage in native Windows job,https://github.com/bitcoin/bitcoin/pull/32182,merged,2025-04-01T09:34:35Z,2025-04-03T06:03:19Z,2025-04-03T06:03:19Z,Windows;Tests,Tests,1,4,3,1,0,1,,,"Changes the native Windows CI job to use dynamic library linkage instead of static linkage, reducing the vcpkg binary cache size from 2.6 GB to 430 MB.","This optimization likely aims to improve CI performance and reduce infrastructure costs by dramatically shrinking cache sizes, which may help speed up automated testing and make the development process more efficient for contributors.",tests,performance
32184,ci: Add workaround for vcpkg's `libevent` package,https://github.com/bitcoin/bitcoin/pull/32184,merged,2025-04-01T14:05:01Z,2025-04-01T21:27:48Z,2025-04-01T21:27:48Z,Windows;Tests,Tests,2,2,2,1,0,0,pinheadmz,,Adds a workaround for vcpkg's libevent package to fix compatibility issues with CMake 4.0+ on Windows GitHub Actions images.,"This likely ensures that Bitcoin Core's continuous integration pipeline continues to function properly on Windows, which may help maintain build reliability and prevent development workflow disruptions that could slow down the project.",build,bugfix
32194,"ci, windows: Do not exclude `wallet_migration.py` in command line",https://github.com/bitcoin/bitcoin/pull/32194,merged,2025-04-01T21:44:18Z,2025-04-02T01:47:17Z,2025-04-02T01:47:17Z,Windows;Tests,Tests,1,2,2,1,0,0,,,Removes the unnecessary exclusion of wallet_migration.py test from Windows command line since the test now skips automatically.,"This appears to clean up test configuration by removing redundant exclusions, which may help ensure that the test suite runs more consistently and catches any future issues with wallet migration functionality on Windows.",tests,cleanup
32211,doc: Amend Qt 6 dependency packages for Ubuntu,https://github.com/bitcoin/bitcoin/pull/32211,merged,2025-04-03T09:12:24Z,2025-04-03T10:54:36Z,2025-04-03T10:54:36Z,Docs,Docs,1,1,1,1,0,0,laanwj,,Updates Ubuntu documentation to explicitly list qt6-tools-dev-tools and libgl-dev packages needed for Qt 6 on older systems like Ubuntu 22.04.,"This likely improves the developer onboarding experience by preventing build failures on common Ubuntu versions, which may help expand the contributor base and reduce support burden for the project.",docs,docs
32213,msvc: Update vcpkg manifest,https://github.com/bitcoin/bitcoin/pull/32213,merged,2025-04-03T09:28:28Z,2025-04-19T10:12:48Z,2025-04-19T10:12:49Z,Windows;Build system,Build system,2,13,3,1,0,16,hodlinator,1;3;1;1,"Updates the vcpkg manifest to use newer package versions including boost 1.87.0, Qt 6.8.2, and sqlite3 3.49.1 from the March 2025 vcpkg release.","This likely brings security fixes, performance improvements, and new features from updated dependencies, which may help improve Bitcoin Core's stability, security, and potentially unlock new capabilities or optimizations.",build,feature
32215,depends: Fix cross-compiling on macOS,https://github.com/bitcoin/bitcoin/pull/32215,merged,2025-04-03T14:13:24Z,2025-04-25T09:15:12Z,2025-04-25T09:15:13Z,macOS;Build system,Build system,2,5,1,1,1,21,fanquake;janb84;laanwj,,Fixes cross-compilation issues on macOS by specifying Objective C/C++ compilers for native Qt package and removing incompatible mv command options.,"This appears to restore the ability to cross-compile Bitcoin Core on macOS systems, which may help developers working on Apple platforms contribute more effectively and ensure broader platform support for the project.",build,bugfix
32220,cmake: Get rid of undocumented `BITCOIN_GENBUILD_NO_GIT` environment variable,https://github.com/bitcoin/bitcoin/pull/32220,open,2025-04-04T15:05:13Z,,,Build system,Build system,3,58,55,3,3,,luke-jr,,Removes an undocumented environment variable related to build information generation in the CMake build system.,"This likely helps simplify the build system by removing unused or unnecessary configuration options, which may improve maintainability and reduce potential sources of build inconsistencies.",build,cleanup
32230,depends: Make native package paths platform-agnostic,https://github.com/bitcoin/bitcoin/pull/32230,closed,2025-04-07T16:50:24Z,,2025-04-08T21:32:53Z,Build system,Build system,2,39,29,7,0,1,,,Modifies the depends system to make native package paths work across different host platforms.,"This appears to improve build efficiency by allowing native packages to be reused across different compilation targets, which may reduce build times and disk usage, particularly in environments like Guix.",build,refactor
32242,guix: Remove unused `file` package,https://github.com/bitcoin/bitcoin/pull/32242,merged,2025-04-09T15:24:12Z,2025-04-25T09:54:35Z,2025-04-25T09:54:35Z,Build system,Build system,1,1,4,2,0,15,fanquake;janb84;laanwj,,Removes the unused 'file' utility package from Guix build dependencies.,This likely reduces the build dependency footprint and may speed up builds by eliminating an unnecessary package that has been obsolete since Guix builds were introduced.,build,cleanup
32262,build: Restore cross-compilation for Android,https://github.com/bitcoin/bitcoin/pull/32262,closed,2025-04-13T16:48:25Z,,2025-12-22T11:33:16Z,Build system;Android,Build system,4,538,47,27,0,252,D33r-Gee,,Restores the ability to cross-compile Bitcoin Core for Android platforms with necessary Qt patches.,"This appears to expand Bitcoin Core's platform support by re-enabling Android compilation, which may help with mobile wallet development or running Bitcoin nodes on Android devices.",build,feature
32266,"depends: Avoid `warning: ""_FORTIFY_SOURCE"" redefined` for `libevent`",https://github.com/bitcoin/bitcoin/pull/32266,merged,2025-04-14T15:23:14Z,2025-10-23T07:45:33Z,2025-10-23T07:45:34Z,Build system,Build system,1,1,1,1,0,191,shahsb;theuni,,Fixes compiler warnings about redefined _FORTIFY_SOURCE when building the libevent dependency on Alpine Linux.,This likely improves build reliability on Alpine Linux by eliminating compiler warnings that could potentially mask real issues or cause build failures in stricter compilation environments.,build,bugfix
32287,build: Fix `macdeployqtplus` after switching to Qt 6,https://github.com/bitcoin/bitcoin/pull/32287,merged,2025-04-16T12:39:33Z,2025-05-06T17:10:28Z,2025-05-06T17:10:28Z,macOS;Build system;Tests,Build system,3,11,10,2,4,20,fanquake;i-am-yuvi,,Fixes the macdeployqtplus script to work properly with Qt 6 on macOS by handling differences in library path references compared to Qt 5.,"This likely helps maintain the ability to build Bitcoin Core GUI applications on macOS as the project transitions to newer Qt versions, which may be important for keeping the software accessible to Mac users and maintaining cross-platform compatibility.",build,bugfix
32289,doc: Add note for building on macOS (Intel) with CMake ≥ 4.0,https://github.com/bitcoin/bitcoin/pull/32289,closed,2025-04-16T16:23:00Z,,2025-07-02T13:35:59Z,Docs;macOS,Docs,1,2,0,1,2,76,fanquake,,Adds documentation notes for building Bitcoin Core on Intel-based macOS systems when using CMake version 4.0 or later to address warning suppression issues.,"This appears to help developers avoid build warnings that could potentially mask real issues, and may improve the overall developer experience when building Bitcoin Core on macOS Intel systems with newer CMake versions.",docs,docs
32306,ci: Temporarily disable `WalletMigration` benchmark,https://github.com/bitcoin/bitcoin/pull/32306,merged,2025-04-18T21:47:31Z,2025-04-19T11:56:23Z,2025-04-19T11:56:23Z,Wallet;Tests,Wallet,1,2,1,1,3,0,TheCharlatan;l0rinc,,Temporarily disables the WalletMigration benchmark test that is currently failing in the continuous integration system.,"This likely helps maintain CI stability by preventing build failures, which may be important for keeping the development workflow smooth while the underlying benchmark issue gets resolved properly.",tests,test
32308,ci: Drop no longer necessary `-Wno-error=array-bounds`,https://github.com/bitcoin/bitcoin/pull/32308,merged,2025-04-19T08:05:05Z,2025-04-22T12:13:19Z,2025-04-22T12:13:19Z,Windows;Tests,Tests,1,1,1,1,0,3,TheCharlatan,,Removes the unnecessary `-Wno-error=array-bounds` compiler flag from the Windows cross-compilation CI job since the warnings it was suppressing no longer appear.,"This appears to improve code quality by allowing the compiler to catch potential array bounds issues that could lead to security vulnerabilities or crashes, and may help maintain cleaner build configurations.",build,cleanup
32324,test: Treat executable paths in tests consistently,https://github.com/bitcoin/bitcoin/pull/32324,closed,2025-04-22T10:49:33Z,,2025-06-18T15:43:04Z,Build system;Tests,Build system,1,3,1,2,0,57,janb84,,"Makes the handling of executable paths in tests more consistent, particularly for multi-config CMake generators that use per-configuration subdirectories.","This likely improves the reliability of the test suite across different build configurations, which may be important for ensuring Bitcoin Core works correctly regardless of how it's built and tested by developers.",tests,refactor
32349,"test: Increase stack size for ""Debug"" builds with MSVC",https://github.com/bitcoin/bitcoin/pull/32349,closed,2025-04-25T12:42:34Z,,2025-04-27T09:19:09Z,Windows;Tests,Tests,1,5,0,1,2,1,fanquake,,Increases stack size for Debug builds with MSVC compiler to handle deep recursion in miniscript test functions.,"This likely helps ensure Bitcoin's miniscript testing can run properly on Windows development environments, which may be important for maintaining cross-platform compatibility and allowing developers on Windows to contribute effectively.",tests,bugfix
32352,[29.x] qt: 29.1 translations update,https://github.com/bitcoin/bitcoin/pull/32352,merged,2025-04-25T14:21:58Z,2025-05-06T17:03:08Z,2025-05-06T17:03:08Z,Backport,,1,3501,10706,36,8,11,laanwj,,Updates translations for Bitcoin Core version 29.1 by fetching recent changes from Transifex translation platform.,"This appears to improve Bitcoin Core's accessibility to non-English speaking users, which may help with global adoption and usability by providing up-to-date localized interfaces.",gui,feature
32356,cmake: Respect user-provided configuration-specific flags,https://github.com/bitcoin/bitcoin/pull/32356,merged,2025-04-26T11:46:04Z,2025-05-08T15:06:21Z,2025-05-08T15:06:21Z,Bug;Build system,Build system,1,11,8,2,10,12,janb84;purpleKarrot;ryanofsky,,Fixes CMake build system to properly respect user-provided compiler flags for specific build configurations like Release mode.,"This likely helps developers and packagers who need specific compiler optimizations or flags, which may be important for performance tuning or meeting distribution requirements for Bitcoin Core builds.",build,bugfix
32357,depends: Fix cross-compiling `qt` package from macOS to Windows,https://github.com/bitcoin/bitcoin/pull/32357,merged,2025-04-26T17:03:05Z,2025-04-28T15:15:21Z,2025-04-28T15:15:21Z,Build system,Build system,1,8,0,1,0,1,fanquake;shahsb,,Fixes cross-compilation issues when building the Qt package from macOS to Windows by disabling unnecessary Qt behavior.,"This appears to improve the cross-platform build process, which may help developers create Windows binaries from macOS systems more reliably, potentially streamlining release processes and development workflows.",build,bugfix
32358,subprocess: Backport upstream changes,https://github.com/bitcoin/bitcoin/pull/32358,merged,2025-04-27T16:21:44Z,2025-05-05T11:36:03Z,2025-05-05T11:36:04Z,Upstream,,9,82,46,1,0,7,laanwj;theStack,,Backports upstream improvements to the subprocess utility header that were previously developed for Bitcoin Core and contributed back to the original project.,"This likely improves the reliability and functionality of Bitcoin Core's subprocess handling utilities, which may help with various internal processes and external tool integration that Bitcoin Core relies on.",utils,refactor
32367,cmake: Check user-defined `APPEND_*FLAGS` variables early,https://github.com/bitcoin/bitcoin/pull/32367,open,2025-04-28T16:35:27Z,,,Build system,Build system,3,61,25,4,0,,BrandonOdiwuor;janb84,,Fixes the build system to properly handle user-defined compiler flags during early build checks. This ensures that custom flags are consistently applied throughout the entire build process.,"This change likely improves the reliability of Bitcoin Core builds across different environments and configurations, which may help reduce build failures and support issues that could affect developer productivity and software distribution.",build,bugfix
32380,Modernize use of UTF-8 in Windows code,https://github.com/bitcoin/bitcoin/pull/32380,merged,2025-04-29T16:55:29Z,2025-10-28T22:41:55Z,2025-10-28T22:41:55Z,Windows,,5,27,80,16,20,182,davidgumberg;fanquake;hodlinator;laanwj,,Updates Windows code to use modern UTF-8 handling approaches and removes deprecated code that will be removed in C++26. This modernizes how Bitcoin Core handles Unicode text on Windows systems.,"This change appears to future-proof Bitcoin Core's Windows compatibility and may improve handling of non-English characters in file paths and user interfaces, potentially making the software more accessible to international users.",utils,refactor
32383,util: Remove `fsbridge::get_filesystem_error_message()`,https://github.com/bitcoin/bitcoin/pull/32383,merged,2025-04-30T00:18:29Z,2025-04-30T17:56:26Z,2025-04-30T17:56:26Z,Utils/log/libs,Utils/log/libs,1,6,24,7,7,0,davidgumberg;laanwj;maflcko,,Removes the `fsbridge::get_filesystem_error_message()` function which is no longer needed after migrating to std::filesystem and fixes UTF-8 path display issues on Windows.,"This cleanup likely simplifies the codebase and may improve error message clarity for Windows users, potentially making troubleshooting filesystem-related issues easier for both users and developers.",utils,cleanup
32396,cmake: Add application manifests when cross-compiling for Windows,https://github.com/bitcoin/bitcoin/pull/32396,merged,2025-05-01T15:28:35Z,2025-05-16T08:19:18Z,2025-05-16T08:19:18Z,Windows;Build system,Build system,3,74,2,8,24,14,davidgumberg;fanquake;hodlinator;laanwj,,"Adds Windows application manifests during cross-compilation, which enables enhanced security settings and better control over Windows version compatibility.","This change likely improves Bitcoin Core's security posture on Windows and may help ensure proper compatibility across different Windows versions, potentially reducing runtime issues and improving the overall user experience on Windows systems.",build,feature
32409,test: Introduce `SUPPRESS_ABORT_MESSAGE` environment variable,https://github.com/bitcoin/bitcoin/pull/32409,open,2025-05-02T19:45:20Z,,,Windows;Tests,Tests,1,17,0,1,6,,fanquake;maflcko;shahsb,,Introduces an environment variable to suppress abort message boxes when running tests on Windows with debug runtime libraries. This prevents test timeouts caused by modal dialogs in CI environments.,"This change likely improves the reliability of automated testing on Windows, which may help maintain code quality and reduce false positives in continuous integration, ultimately supporting more stable Bitcoin Core development processes.",tests,test
32469,cmake: Allow `WITH_DBUS` on all Unix-like systems,https://github.com/bitcoin/bitcoin/pull/32469,merged,2025-05-11T16:10:57Z,2025-05-12T13:23:00Z,2025-05-12T13:23:00Z,Build system,Build system,1,2,2,1,0,0,theStack,,Extends D-Bus support configuration option to all Unix-like systems instead of restricting it to Linux only. This fixes a regression introduced during the migration from Autotools to CMake build system.,"This change likely improves build system flexibility and may help developers on various Unix-like platforms configure Bitcoin Core with D-Bus support if needed, though the practical impact appears limited since macOS uses different notification systems.",build,bugfix
32472,doc: Fix typo,https://github.com/bitcoin/bitcoin/pull/32472,merged,2025-05-12T16:12:10Z,2025-05-12T18:48:52Z,2025-05-12T18:48:52Z,Docs,Docs,1,2,2,2,0,0,janb84;l0rinc;pinheadmz,,Fixes a minor typo in documentation by replacing double dots (..) with proper ellipsis (…) formatting. The issue was identified by a translator working on Transifex.,This change likely improves the professional appearance of Bitcoin Core's user interface and may help ensure consistent formatting across different language translations.,docs,docs
32499,cmake: Restrict MSVC-specific workaround to affected versions,https://github.com/bitcoin/bitcoin/pull/32499,closed,2025-05-14T14:56:54Z,,2025-05-16T07:04:33Z,Windows;Build system,Build system,1,9,4,1,2,1,davidgumberg,,"Removes a compiler workaround that was only needed for older MSVC versions, allowing the fuzz/utxo_snapshot.cpp file to compile normally with MSVC 17.14 and later. The workaround is now restricted to only the affected older compiler versions.","This change likely improves code maintainability and may help ensure that fuzzing tests for UTXO snapshots can run properly on Windows systems with updated compilers, potentially strengthening Bitcoin Core's testing coverage.",build,cleanup
32537,Set minimum supported Windows version to 1903 (May 2019 Update),https://github.com/bitcoin/bitcoin/pull/32537,closed,2025-05-16T16:32:45Z,,2025-05-19T15:01:06Z,Windows;Build system,Build system,2,19,3,3,4,2,laanwj,,Updates the minimum supported Windows version to 1903 (May 2019 Update) and adds verification in the symbol-check.py script to ensure application manifests specify supported OS versions. This change enables UTF-8 code page support required for another PR.,"This change likely modernizes Bitcoin Core's Windows compatibility and may help ensure proper Unicode text handling on Windows systems, which could be important for international users and wallet functionality involving non-ASCII characters.",build,feature
32550,cmake: Add missed `SSE41_CXXFLAGS`,https://github.com/bitcoin/bitcoin/pull/32550,closed,2025-05-18T13:47:26Z,,2025-05-19T13:59:42Z,Build system,Build system,1,1,1,1,0,1,,,Adds missing SSE41_CXXFLAGS compiler flags to the CMake build system. The missing flags were discovered when building Bitcoin Core with clang-cl on Windows.,"This change likely ensures that SSE4.1 optimizations are properly enabled during compilation, which may help improve Bitcoin Core's performance on systems that support these CPU instructions, particularly for cryptographic operations.",build,bugfix
32551,"cmake: Remove `ENABLE_{SSE41,AVX2,X86_SHANI,ARM_SHANI}` from `bitcoin-build-config.h`",https://github.com/bitcoin/bitcoin/pull/32551,merged,2025-05-18T15:24:07Z,2025-05-22T09:00:14Z,2025-05-22T09:00:14Z,Build system,Build system,5,2,28,5,0,3,fanquake,,Removes redundant global definitions of CPU feature flags from the build configuration header since they're already defined locally where needed.,This cleanup likely improves build system maintainability and may reduce compilation complexity by avoiding duplicate symbol definitions across different build targets.,build,cleanup
32552,refactor: Remove workaround for resolved MSVC bug,https://github.com/bitcoin/bitcoin/pull/32552,closed,2025-05-18T16:33:51Z,,2025-05-18T17:17:06Z,Refactoring,,1,7,17,1,0,0,,,Removes a workaround that was previously needed for an MSVC compiler bug that has since been fixed in newer Visual Studio versions.,"This appears to simplify the codebase by eliminating technical debt, which may improve code readability and reduce maintenance burden now that the underlying compiler issue is resolved.",build,cleanup
32564,"miniscript, refactor: Make `operator""""_mst` `consteval` (re-take)",https://github.com/bitcoin/bitcoin/pull/32564,merged,2025-05-19T13:47:25Z,2025-07-02T14:06:38Z,2025-07-02T14:06:38Z,Refactoring,,2,30,37,3,5,44,hodlinator,,Makes the miniscript string literal operator compile-time evaluated (consteval) now that blocking MSVC bugs have been resolved.,"This likely improves performance by moving miniscript parsing from runtime to compile-time, and may help catch miniscript syntax errors earlier during the build process rather than at runtime.",utils,refactor
32567,subprocess: Backport upstream changes,https://github.com/bitcoin/bitcoin/pull/32567,merged,2025-05-20T10:56:27Z,2025-05-21T11:08:41Z,2025-05-21T11:08:41Z,,,1,6,1,1,0,1,laanwj,,Updates the embedded subprocess library by backporting upstream bug fixes and improvements from the original cpp-subprocess project.,"This likely improves reliability and security of subprocess handling in Bitcoin Core, which may be important for external process communication used in various Core utilities and testing infrastructure.",utils,bugfix
32577,subprocess: Let shell parse command on non-Windows systems,https://github.com/bitcoin/bitcoin/pull/32577,closed,2025-05-21T11:45:24Z,,2026-01-20T10:30:59Z,Utils/log/libs;Needs rebase,Utils/log/libs,2,57,11,5,8,243,fanquake;hebasto;laanwj,,"Modifies subprocess handling to let the shell parse commands on non-Windows systems, fixing an issue with command execution.","This appears to resolve subprocess execution problems on Unix-like systems, which likely improves the reliability of Bitcoin Core's external process interactions and may fix issues with certain utilities or test suites.",utils,bugfix
32601,test: Fix `system_tests/run_command` test,https://github.com/bitcoin/bitcoin/pull/32601,closed,2025-05-23T12:51:35Z,,2025-07-04T10:25:40Z,Tests;CI failed,Tests,1,15,6,3,11,41,maflcko,,Fixes a test that checks command execution by ensuring it validates the exact exit code (1) and properly handles error message parsing by removing process invocation strings from exception messages.,"This fix likely ensures the test suite accurately validates error handling behavior, which may help catch regressions in command-line interface functionality and improve overall code reliability.",tests,bugfix
32633,windows: Use predefined `RC_INVOKED` macro instead of custom one,https://github.com/bitcoin/bitcoin/pull/32633,merged,2025-05-28T19:13:02Z,2025-05-29T12:51:15Z,2025-05-29T12:51:15Z,Windows;Build system,Build system,1,3,11,2,0,0,fanquake;hodlinator,,Replaces a custom macro with the standard Windows predefined `RC_INVOKED` macro in resource compilation.,"Using standard Windows macros likely improves build system compatibility and maintainability, potentially reducing issues with Windows resource compilation and making the codebase more consistent with Windows development practices.",build,cleanup
32634,build: Add resource file and manifest to `bitcoin.exe`,https://github.com/bitcoin/bitcoin/pull/32634,merged,2025-05-28T19:26:28Z,2025-05-29T09:42:16Z,2025-05-29T09:42:16Z,Windows;Build system,Build system,2,35,0,2,3,0,hodlinator,,Adds a resource file and application manifest to the `bitcoin.exe` executable for consistency with other Windows executables.,"Adding proper Windows metadata and manifests likely ensures bitcoin.exe behaves correctly on Windows systems, may help with compatibility across different Windows versions, and appears necessary for proper release binary functionality.",build,feature
32648,"cmake, qt: Process `*.qrc` files manually",https://github.com/bitcoin/bitcoin/pull/32648,closed,2025-05-30T16:35:00Z,,2025-07-02T13:18:41Z,Build system,Build system,2,35,5,1,0,32,,,"Modifies the CMake build system to manually process Qt resource files, enabling control over compiler properties to silence specific warnings like trailing whitespace.","This change likely improves the build experience by reducing compiler warning noise, which may help developers focus on legitimate issues and could make the build process more robust across different compiler versions.",build,refactor
32651,cmake: Replace deprecated `qt6_add_translation` with `qt6_add_lrelease`,https://github.com/bitcoin/bitcoin/pull/32651,merged,2025-05-30T21:24:23Z,2025-06-04T14:36:29Z,2025-06-04T14:36:29Z,Build system,Build system,1,7,7,1,4,4,fanquake,,Updates the CMake configuration to use the newer `qt6_add_lrelease` function instead of the deprecated `qt6_add_translation` for Qt translation handling.,Replacing deprecated Qt functions likely ensures continued compatibility with newer Qt versions and may help prevent future build failures as Qt development progresses and older APIs are removed.,build,cleanup
32662,doc: Remove build instruction for running `clang-tidy`,https://github.com/bitcoin/bitcoin/pull/32662,merged,2025-06-02T12:50:17Z,2025-06-02T13:46:07Z,2025-06-02T13:46:07Z,Docs,Docs,1,0,1,1,0,0,TheCharlatan;janb84,,Removes outdated build instructions for running clang-tidy since the CMake compilation database allows running it without building the code first.,This likely improves developer experience by simplifying the documentation and may help developers run static analysis tools more efficiently without unnecessary compilation steps.,docs,docs
32667,build: Find Boost in config mode,https://github.com/bitcoin/bitcoin/pull/32667,merged,2025-06-02T21:14:25Z,2025-06-27T13:55:02Z,2025-06-27T13:55:02Z,Build system,Build system,1,5,24,1,2,24,fanquake,,Updates the build system to find Boost libraries using config mode instead of the deprecated FindBoost module.,This appears to be necessary for compatibility with newer CMake versions and may help ensure Bitcoin Core continues building correctly as build tools evolve.,build,bugfix
32668,refactor: Drop unused `#include <boost/operators.hpp>`,https://github.com/bitcoin/bitcoin/pull/32668,closed,2025-06-02T22:01:56Z,,2025-07-02T13:39:36Z,Refactoring,,1,0,2,2,0,29,,,Removes an unused include of boost/operators.hpp header from the mini_miner.cpp file.,"This likely reduces compilation overhead and may help minimize dependencies, potentially improving build times and reducing the attack surface of included code.",build,cleanup
32709,cmake: Fix `FindQt` module,https://github.com/bitcoin/bitcoin/pull/32709,closed,2025-06-09T11:34:24Z,,2026-02-13T10:46:52Z,Build system,Build system,2,12,3,1,13,248,BrandonOdiwuor;fanquake,,Fixes the FindQt CMake module to properly treat missing Qt components as fatal errors and cleans up cache variables after Qt 6 migration.,This likely improves build reliability by ensuring missing GUI dependencies are caught early and may help developers avoid configuration issues when building the Qt-based GUI.,build,bugfix
32716,depends: Override host compilers for FreeBSD and OpenBSD,https://github.com/bitcoin/bitcoin/pull/32716,merged,2025-06-10T14:02:52Z,2025-07-03T10:00:51Z,2025-07-03T10:00:51Z,Build system,Build system,1,8,0,2,0,22,,,"Fixes compiler selection for FreeBSD and OpenBSD on aarch64 by defaulting to Clang instead of GCC, matching the system defaults.",This likely ensures Bitcoin Core builds correctly on these BSD systems and may help prevent compilation failures or suboptimal binaries when using the wrong compiler toolchain.,build,bugfix
32717,doc: Update Qt 6 packages on FreeBSD,https://github.com/bitcoin/bitcoin/pull/32717,merged,2025-06-10T16:50:12Z,2025-06-13T08:37:46Z,2025-06-13T08:37:46Z,Docs,Docs,1,2,2,1,2,2,vasild,,Updates documentation to reflect the correct Qt 6 package names for FreeBSD systems.,"This likely helps FreeBSD users correctly install the required Qt dependencies when building Bitcoin Core's GUI, which may reduce build errors and improve the user experience for developers on FreeBSD systems.",docs,docs
32731,depends: Build `qt` package for FreeBSD hosts,https://github.com/bitcoin/bitcoin/pull/32731,merged,2025-06-11T21:43:20Z,2025-06-26T16:29:06Z,2025-06-26T16:29:06Z,Build system,Build system,1,10,3,5,15,14,Sjors;vasild,,"Enables building the Qt package in the depends system specifically for FreeBSD hosts, allowing Bitcoin-Qt to run natively on FreeBSD.","This appears to expand Bitcoin Core's platform support by making the GUI application available to FreeBSD users, which may help broaden Bitcoin's accessibility and reduce reliance on Linux-only development environments.",build,feature
32764,guix: Build for macOS using Clang only,https://github.com/bitcoin/bitcoin/pull/32764,open,2025-06-17T13:39:41Z,,,Build system,Build system,1,38,17,2,9,,fanquake;w0xlt,,Changes the macOS build system to use only Clang compiler with libc++ instead of mixing compilers.,"This likely improves build consistency and reliability on macOS by eliminating potential compatibility issues between different compilers, which may reduce build failures and make the development process more predictable for macOS contributors.",build,refactor
32773,cmake: Create subdirectories in build tree in advance,https://github.com/bitcoin/bitcoin/pull/32773,merged,2025-06-18T19:52:41Z,2026-02-09T11:04:04Z,2026-02-09T11:04:04Z,Build system;Tests,Build system,2,62,14,1,3,235,BrandonOdiwuor;janb84;m3dwards;sedited,,Fixes CMake build issues by ensuring subdirectories are created before attempting to create symbolic links in the test directory structure.,"This appears to resolve a build system bug where symlink creation would fail and fall back to copying files, which may improve build reliability and ensure the intended file structure is maintained during testing.",build,bugfix
32804,Fix build on macOS when `qt@6` is installed,https://github.com/bitcoin/bitcoin/pull/32804,closed,2025-06-24T16:46:13Z,,2025-06-26T14:03:58Z,Build system,Build system,2,15,3,2,0,1,,,Resolves build conflicts that occur on macOS systems when the qt@6 package is already installed via Homebrew.,"This likely prevents build failures for macOS developers who have Qt installed system-wide, which may reduce friction in the development setup process and make it easier for contributors to build Bitcoin Core locally.",build,bugfix
32805,cmake: Use `HINTS` instead of `PATHS` in `find_*` commands,https://github.com/bitcoin/bitcoin/pull/32805,merged,2025-06-24T20:05:18Z,2025-06-26T11:10:08Z,2025-06-26T11:10:08Z,Build system,Build system,1,3,3,1,0,1,fanquake,,"Changes CMake configuration to use HINTS instead of PATHS when finding dependencies, which affects search order and symlink resolution. This ensures Homebrew's libqrencode is found at its real path rather than via symlinks.","This change likely improves build reliability on macOS by ensuring dependencies are located more predictably, which may help prevent build failures or unexpected behavior when multiple versions of libraries are present on the system.",build,bugfix
32814,cmake: Explicitly specify `Boost_ROOT` for Homebrew's package,https://github.com/bitcoin/bitcoin/pull/32814,merged,2025-06-25T17:53:39Z,2025-06-26T14:00:54Z,2025-06-26T14:00:54Z,macOS;Build system,Build system,1,12,0,1,0,0,fanquake,,Explicitly specifies Boost_ROOT for Homebrew's Boost package on macOS to ensure it's found at the real path rather than through symlinks. This prevents contamination of include directories by broad locations that interfere with Qt framework flags.,"This appears to be critical for maintaining clean build environments on macOS, as it likely prevents header conflicts that could lead to compilation errors or subtle runtime issues when building Bitcoin Core with Qt dependencies.",build,bugfix
32828,"build, docs: Fix Boost-related issues on NetBSD",https://github.com/bitcoin/bitcoin/pull/32828,merged,2025-06-29T19:05:45Z,2025-07-02T12:29:55Z,2025-07-02T12:29:55Z,Build system,Build system,2,10,1,2,2,2,fanquake,,"Fixes Boost-related build issues on NetBSD by updating documentation to recommend the full boost package instead of boost-headers, and addresses broken CMake configuration files in the NetBSD package system.","This change likely ensures Bitcoin Core remains buildable on NetBSD systems, which may help maintain platform diversity and accessibility for users and developers who prefer this BSD variant for security or philosophical reasons.",build,bugfix
32856,Update `minisketch` subtree,https://github.com/bitcoin/bitcoin/pull/32856,merged,2025-07-02T10:17:23Z,2025-11-10T14:06:06Z,2025-11-10T14:06:06Z,Build system,Build system,2,467,4,9,8,131,BrandonOdiwuor;purpleKarrot,,"Updates the minisketch subtree to the latest upstream version, incorporating recent improvements and fixes from the minisketch library.","This update likely brings performance improvements or bug fixes to Bitcoin Core's transaction relay optimization features, which may help improve network efficiency and reduce bandwidth usage during block propagation.",build,feature
32858,doc: Add workaround for vcpkg issue with paths with embedded spaces,https://github.com/bitcoin/bitcoin/pull/32858,merged,2025-07-02T14:46:43Z,2025-07-03T15:24:18Z,2025-07-03T15:24:18Z,Docs;Windows,Docs,1,23,13,1,0,1,,,Adds documentation workaround for a vcpkg issue that occurs when building on Windows systems with file paths containing embedded spaces.,"This change likely improves the developer experience on Windows by preventing build failures in common scenarios where users have spaces in their directory names, which may help lower barriers to contribution and testing on Windows platforms.",docs,docs
32940,cmake: Use newer signature of `qt6_add_lrelease` when available,https://github.com/bitcoin/bitcoin/pull/32940,merged,2025-07-10T15:47:13Z,2025-07-11T13:26:20Z,2025-07-11T13:26:20Z,Build system,Build system,1,5,4,1,0,0,fanquake,,"Updates the CMake build system to use a newer signature of the qt6_add_lrelease function when it's available, fixing a compatibility issue.","This likely helps ensure Bitcoin Core can build successfully with newer versions of Qt6, which may be important for maintaining compatibility with modern development environments and ensuring the GUI remains buildable across different Qt versions.",build,bugfix
32943,depends: Force `CMAKE_EXPORT_NO_PACKAGE_REGISTRY=TRUE`,https://github.com/bitcoin/bitcoin/pull/32943,merged,2025-07-10T19:20:11Z,2025-07-14T12:32:51Z,2025-07-14T12:32:51Z,Build system,Build system,1,1,0,1,0,3,,,Forces CMake to disable package registry population by setting CMAKE_EXPORT_NO_PACKAGE_REGISTRY=TRUE globally to prevent build artifacts from being written outside the build tree.,"This appears to improve build isolation and reproducibility by preventing CMake from writing to user package registries outside the build directory, which may help ensure cleaner builds and reduce potential conflicts in development environments.",build,cleanup
32951,"build: Explicitly set Qt's `AUTO{MOC,RCC,UIC}` property per target",https://github.com/bitcoin/bitcoin/pull/32951,closed,2025-07-11T22:21:22Z,,2026-03-03T13:23:15Z,Build system;Needs rebase,Build system,2,42,15,2,0,234,,,"Explicitly sets Qt's AUTOMOC, AUTORCC, and AUTOUIC properties per target rather than relying on default behavior for handling Qt's code generation tools.","This likely provides more explicit control over Qt's automatic code generation processes, which may help ensure consistent behavior across different CMake versions and improve build reliability for the GUI components.",build,refactor
32953,[POC] ci: Skip compilation when running static code analysis,https://github.com/bitcoin/bitcoin/pull/32953,closed,2025-07-12T12:51:19Z,,2026-03-03T13:29:44Z,Tests;Needs rebase,Tests,3,22,15,4,2,234,maflcko,,Proof of concept that skips compilation when running static code analysis tools like clang-tidy by using a compilation database instead.,"This may significantly speed up static analysis in continuous integration by avoiding the need to actually compile the code when only running analysis tools, potentially reducing CI runtime and resource usage while still maintaining code quality checks.",tests,performance
32954,"cmake: Drop no longer necessary ""cmakeMinimumRequired"" object",https://github.com/bitcoin/bitcoin/pull/32954,merged,2025-07-12T13:05:52Z,2025-07-14T10:06:45Z,2025-07-14T10:06:45Z,Build system,Build system,1,0,1,1,0,1,fanquake,,Removes a no longer necessary cmakeMinimumRequired object from the build system since the minimum CMake version is already specified as 3.22.,"This appears to be a cleanup that removes redundant code now that Bitcoin Core has established a minimum CMake version requirement, likely simplifying the build configuration and reducing maintenance overhead.",build,cleanup
33077,kernel: create monolithic kernel static library,https://github.com/bitcoin/bitcoin/pull/33077,merged,2025-07-28T09:50:54Z,2025-08-06T12:09:02Z,2025-08-06T12:09:02Z,Build system,Build system,1,7,33,2,0,9,TheCharlatan;stickies-v,,Creates a monolithic static library for the Bitcoin kernel that includes all dependency object files in a single library file. This simplifies distribution by eliminating the need for separate dependency libraries when using libbitcoinkernel.a.,"This change likely makes it easier for external projects to integrate Bitcoin's kernel library by reducing dependency management complexity, which may encourage broader adoption of Bitcoin Core's validation and consensus logic in other applications.",build,feature
33101,cmake: Proactively avoid use of `SECP256K1_DISABLE_SHARED`,https://github.com/bitcoin/bitcoin/pull/33101,merged,2025-07-30T12:48:29Z,2025-08-06T10:31:22Z,2025-08-06T10:31:22Z,Build system,Build system,2,53,48,2,0,6,fanquake;theuni,,Removes usage of the SECP256K1_DISABLE_SHARED CMake variable that has been deprecated upstream. This proactively prevents build breakage when the secp256k1 library is next updated.,"This appears to be maintenance work that ensures Bitcoin Core's build system remains compatible with upstream dependencies, likely preventing future compilation failures and keeping the codebase aligned with modern cryptographic library standards.",build,cleanup
33113,refactor: Use immediate lambda to work around GCC bug 117966,https://github.com/bitcoin/bitcoin/pull/33113,merged,2025-08-01T11:16:38Z,2025-08-06T10:12:25Z,2025-08-06T10:12:25Z,Refactoring,,2,7,2,2,0,4,,31244,Implements a workaround using immediate lambda functions to fix a compilation bug in GCC versions 13 and 14 when using the debug flag. This resolves build failures on affected compiler versions.,"This fix likely ensures Bitcoin Core can be compiled and debugged on a wider range of development environments, which may improve developer productivity and make the codebase more accessible to contributors using newer GCC versions.",build,bugfix
33115,cmake: Switch to generated `ts_files.cmake` file,https://github.com/bitcoin/bitcoin/pull/33115,merged,2025-08-01T12:31:21Z,2025-08-06T09:47:12Z,2025-08-06T09:47:12Z,GUI;Build system,GUI,3,7201,41826,63,8,4,BrandonOdiwuor;fanquake;maflcko,32653,Restructures Qt translation file handling by moving it to a dedicated locale directory and switching from file globbing to an explicit list generated by maintainer tools. This improves the reliability of translation file management in the CMake build system.,"This change likely makes the build process more deterministic and maintainable for internationalization, which may improve Bitcoin Core's accessibility to non-English speaking users by ensuring more reliable translation integration.",gui,refactor
33152,"Release: Prepare ""Open Transifex translations for v30.0"" step",https://github.com/bitcoin/bitcoin/pull/33152,merged,2025-08-07T10:56:37Z,2025-08-08T15:41:09Z,2025-08-08T15:41:09Z,,,3,2067,2219,8,0,1,laanwj;stickies-v,,Prepares the necessary infrastructure to open Transifex translations for the upcoming v30.0 release. This follows the established release process for managing internationalization workflow.,"This appears to be part of the standard release preparation process that ensures Bitcoin Core v30.0 can be properly translated into multiple languages, likely improving global accessibility and user adoption of the new version.",gui,feature
33156,cmake: Do not require Python to build GUI,https://github.com/bitcoin/bitcoin/pull/33156,closed,2025-08-08T12:51:04Z,,2025-08-18T12:15:20Z,Docs;Build system;Needs rebase,Docs,2,5,1,2,0,9,pablomartin4btc,,This PR modifies the CMake build system to remove the Python dependency when building the Bitcoin Core GUI.,"This change likely simplifies the build process for developers who only want to build the GUI components, potentially reducing barriers to contribution and making the build system more modular by removing unnecessary dependencies.",build,bugfix
33164,Avoid file overwriting in fallback `AllocateFileRange` implementation,https://github.com/bitcoin/bitcoin/pull/33164,open,2025-08-09T20:38:15Z,,,Block storage,,1,18,7,1,11,,luke-jr,,"This PR fixes a bug in the fallback AllocateFileRange implementation that was overwriting file content, causing issues during blockchain reindexing on certain operating systems.","This fix appears to be critical for ensuring Bitcoin Core works correctly on OpenBSD, NetBSD, OmniOS, and OpenIndiana systems, likely preventing data corruption during reindex operations which could compromise node reliability on these platforms.",other,bugfix
33171,ci: Update `actions/checkout` version,https://github.com/bitcoin/bitcoin/pull/33171,merged,2025-08-11T13:56:03Z,2025-08-13T09:51:51Z,2025-08-13T09:51:51Z,Tests,Tests,1,6,6,1,0,1,janb84;jonatack;pablomartin4btc,,This PR updates the GitHub Actions checkout action to version 5.0.0 in the continuous integration system.,"Updating CI dependencies may help ensure the automated testing infrastructure remains secure and functional, likely providing access to newer features and bug fixes that could improve the development workflow.",tests,cleanup
33193,"Release: Prepare ""Translation string freeze"" step",https://github.com/bitcoin/bitcoin/pull/33193,merged,2025-08-15T12:58:29Z,2025-08-20T16:27:13Z,2025-08-20T16:27:13Z,,,1,689,818,3,0,5,janb84,31296;31453;32896;33209,This PR prepares for the translation string freeze step in the Bitcoin Core release process by updating translatable strings.,"This change likely ensures that new user-facing text added in recent PRs can be properly translated by the community, potentially improving accessibility for non-English speaking Bitcoin users worldwide.",docs,docs
33194,cmake: Collect headers for extracting translatable strings,https://github.com/bitcoin/bitcoin/pull/33194,closed,2025-08-15T13:20:23Z,,2025-08-16T11:23:00Z,Build system,Build system,1,11,36,1,0,0,,31296;33193,This PR modifies the CMake build system to include header files when extracting translatable strings for the translation process.,"This improvement likely ensures that translatable strings located in header files are not missed during the extraction process, potentially providing more complete translations for the user interface and improving the international user experience.",build,bugfix
33215,Fix compatibility with `-debuglogfile` command-line option,https://github.com/bitcoin/bitcoin/pull/33215,merged,2025-08-19T10:59:57Z,2026-03-19T23:41:20Z,2026-03-19T23:41:20Z,,,1,6,5,5,7,212,luke-jr;sedited,,Fixes hardcoded 'debug.log' filename to properly support custom debug log filenames specified via the `-debuglogfile` command-line option.,"This likely improves operational flexibility for node operators who may want to customize log file locations or naming schemes, which could be important for deployment automation or compliance with organizational logging standards.",utils,bugfix
33275,Release: 30.0 translations update,https://github.com/bitcoin/bitcoin/pull/33275,merged,2025-09-01T15:10:47Z,2025-09-09T09:20:11Z,2025-09-09T09:20:11Z,GUI,GUI,1,10140,26645,123,7,7,l0rinc,,Updates translations for the 30.0 release as part of the standard release process workflow.,"Translation updates may help broaden Bitcoin Core's accessibility to non-English speaking users, potentially supporting wider global adoption and usability of the reference implementation.",gui,docs
33312,clang-tidy: Disable `UndefinedBinaryOperatorResult` check in `src/ipc`,https://github.com/bitcoin/bitcoin/pull/33312,merged,2025-09-04T22:09:40Z,2025-09-08T20:28:21Z,2025-09-08T20:28:21Z,,,1,5,0,2,0,3,ryanofsky,,Disables a clang-tidy check that produces false positive warnings in IPC-related source files generated by the mpgen tool.,"This appears to improve the development experience by reducing noise from static analysis tools, which may help developers focus on legitimate code quality issues and maintain cleaner build processes.",build,cleanup
33340,Fix benchmark CSV output,https://github.com/bitcoin/bitcoin/pull/33340,merged,2025-09-08T11:14:24Z,2025-09-09T09:11:33Z,2025-09-09T09:11:34Z,,,1,4,4,1,2,0,janb84;l0rinc,,Replaces comma with semicolon in benchmark naming to fix broken CSV output format in bench_bitcoin.,"This likely improves the reliability of performance testing workflows, which may be important for developers and researchers analyzing Bitcoin Core's performance characteristics over time.",tests,bugfix
33379,cmake: Fix regression in `secp256k1.cmake`,https://github.com/bitcoin/bitcoin/pull/33379,merged,2025-09-12T17:00:41Z,2025-09-15T08:49:35Z,2025-09-15T08:49:35Z,Build system,Build system,1,2,1,1,0,2,TheCharlatan;furszy,,Fixes a CMake regression in secp256k1 configuration that violated CMake's function scope restrictions for enable_language() calls.,"This appears to restore proper CMake build functionality, which may be critical for developers using CMake-based build workflows and could prevent build failures on certain platforms or configurations.",build,bugfix
33407,cmake: Install `bitcoin` manpage,https://github.com/bitcoin/bitcoin/pull/33407,merged,2025-09-16T13:20:47Z,2025-09-17T08:57:13Z,2025-09-17T08:57:13Z,Build system,Build system,1,1,1,1,0,0,ryanofsky,,This PR adds the installation of the bitcoin manpage to the CMake build system. It appears to be a follow-up amendment to a previous PR that may have missed including the manpage installation.,"This likely improves the user experience for those building Bitcoin from source by ensuring documentation is properly installed with the binary, which may help with adoption and ease of use.",build,bugfix
33408,msvc: Update vcpkg manifest,https://github.com/bitcoin/bitcoin/pull/33408,merged,2025-09-16T21:15:24Z,2025-09-23T19:54:43Z,2025-09-23T19:54:44Z,Windows;Build system,Build system,1,2,2,1,0,6,,1,"This PR updates the vcpkg manifest for Windows builds, upgrading several dependencies including Boost (1.87.0 to 1.88.0), Qt components (6.8.2 to 6.9.1), and SQLite (3.49.1 to 3.50.4).","Updating dependencies likely brings security fixes, performance improvements, and bug fixes from upstream projects, which may enhance Bitcoin's stability and security on Windows platforms.",build,cleanup
33445,"ci: Update Clang in ""tidy"" job",https://github.com/bitcoin/bitcoin/pull/33445,merged,2025-09-20T16:13:30Z,2025-11-04T10:16:14Z,2025-11-04T10:16:14Z,Tests,Tests,2,22,14,10,15,44,fanquake;ryanofsky;vasild,,"This PR updates the CI system to use IWYU 0.25 with Clang 21 and fixes new compiler warnings, including suppressing a false positive in the interpreter code.","Keeping CI tools updated likely helps maintain code quality and catches potential issues earlier in development, while fixing compiler warnings may prevent future bugs and improve code maintainability.",tests,cleanup
33451,doc: Add `INSTALL.md` to Linux release tarballs,https://github.com/bitcoin/bitcoin/pull/33451,merged,2025-09-21T19:32:43Z,2026-03-13T20:20:20Z,2026-03-13T20:20:20Z,Docs,Docs,1,30,0,2,6,173,fanquake;janb84;sedited;w0xlt,,This PR adds installation instructions (INSTALL.md) to Linux release tarballs to provide setup guidance for popular desktop distributions.,Including installation instructions in release packages likely reduces barriers to adoption by making it easier for users to properly install Bitcoin on their Linux systems without needing to search for documentation elsewhere.,docs,docs
33452,Release: 30.0rc2 translations update,https://github.com/bitcoin/bitcoin/pull/33452,merged,2025-09-21T20:47:33Z,2025-09-23T14:18:58Z,2025-09-23T14:18:58Z,Backport,,1,143,151,2,0,1,,,"This PR updates Spanish and Czech translations for the 30.0rc2 release candidate, addressing specific review comments from the translation process.","Improving translations likely makes Bitcoin more accessible to non-English speaking users, which may help with global adoption and usability of the software.",other,docs
33494,depends: Update URL for `qrencode` package source tarball,https://github.com/bitcoin/bitcoin/pull/33494,merged,2025-09-29T13:36:30Z,2025-10-07T23:58:10Z,2025-10-07T23:58:10Z,Build system,Build system,4,5,6,2,2,8,janb84;luke-jr;vasild,,Updates the download URL for the qrencode package source tarball from fukuchi.org to GitHub releases page due to the original source being unavailable.,"This change likely ensures the Bitcoin Core build system can continue to reliably download dependencies needed for QR code functionality, which may be important for wallet address sharing and payment request features.",build,bugfix
33541,Release: 30.0rc3 translations update,https://github.com/bitcoin/bitcoin/pull/33541,merged,2025-10-05T10:58:15Z,2025-10-06T09:24:12Z,2025-10-06T09:24:12Z,Backport,,1,337,388,1,0,0,janb84,,Updates Polish translation strings for the 30.0rc3 release candidate while skipping other language updates to focus review effort.,"This appears to improve accessibility for Polish-speaking Bitcoin users by providing more accurate translations, which may help expand Bitcoin adoption in Polish-speaking regions.",other,docs
33561,[28.x] ci: Fix Qt 5.15 URL,https://github.com/bitcoin/bitcoin/pull/33561,merged,2025-10-07T11:13:16Z,2025-10-07T13:52:49Z,2025-10-07T13:52:49Z,Backport,,1,2,2,2,0,0,,,Fixes the Qt 5.15 download URL in the continuous integration system for the 28.x branch.,"This likely ensures that automated builds on the 28.x branch can continue to function properly by accessing the correct Qt library version, which may be critical for maintaining GUI functionality in older releases.",build,bugfix
33593,guix: Use UCRT runtime for Windows release binaries,https://github.com/bitcoin/bitcoin/pull/33593,open,2025-10-09T21:46:43Z,,,Windows;Build system;Needs rebase,Build system,4,57,78,9,10,,fanquake;maflcko;trevarj,,Switches Windows release binaries from MSVCRT to UCRT runtime and removes related workarounds while updating documentation.,"This change likely modernizes Windows compatibility and may improve performance or security by using a more current runtime library, potentially making Bitcoin Core more reliable on newer Windows systems.",build,refactor
33725,"ci, iwyu: Treat warnings as errors for `src/init` and `src/policy`",https://github.com/bitcoin/bitcoin/pull/33725,closed,2025-10-28T17:12:52Z,,2025-12-22T23:23:37Z,Refactoring;Tests;Needs rebase,Tests,4,64,39,28,13,55,fanquake;maflcko,31308,Extends the Include What You Use (IWYU) tool to treat warnings as errors in the src/init and src/policy directories to improve code quality.,This appears to enforce stricter code hygiene standards which may help prevent compilation issues and improve maintainability of critical Bitcoin Core components related to initialization and policy validation.,build,cleanup
33764,ci: Add Windows + UCRT jobs for cross-compiling and native testing,https://github.com/bitcoin/bitcoin/pull/33764,merged,2025-11-02T15:31:02Z,2025-11-28T16:42:51Z,2025-11-28T16:42:51Z,Windows;Tests,Tests,2,54,9,3,11,26,fanquake;maflcko,,Adds new CI jobs for Windows builds using the modern UCRT runtime instead of the older MSVCRT runtime. This includes both cross-compilation and native testing jobs.,"This change likely improves Windows compatibility and modernizes the build infrastructure, which may help ensure Bitcoin Core works reliably on newer Windows systems and appears to be preparing for eventual removal of legacy runtime support.",build,refactor
33774,cmake: Move IPC tests to `ipc/test`,https://github.com/bitcoin/bitcoin/pull/33774,merged,2025-11-04T13:10:04Z,2025-12-04T13:52:10Z,2025-12-04T13:52:10Z,Build system;Tests,Build system,2,51,48,10,4,30,janb84;ryanofsky,,Reorganizes IPC (Inter-Process Communication) tests in the CMake build system by moving them to a dedicated `ipc/test` directory. Also removes an unused clang-tidy configuration file.,"This organizational change likely improves code maintainability and may make it easier for developers to locate and work with IPC-related tests, which appears to support Bitcoin Core's modular architecture efforts.",build,refactor
33779,"ci, iwyu: Fix warnings in `src/kernel` and treat them as errors",https://github.com/bitcoin/bitcoin/pull/33779,merged,2025-11-04T17:03:05Z,2026-01-19T11:47:37Z,2026-01-19T11:47:37Z,Refactoring,,1,17,17,8,11,75,maflcko;sedited;willcl-ark,,Updates include-what-you-use (IWYU) checks to fix warnings in the `src/kernel` directory and configures the system to treat these warnings as errors.,"This change likely improves code quality and compilation reliability by ensuring proper header dependencies in the kernel module, which may help maintain clean separation between Bitcoin Core's components and reduce build issues.",build,cleanup
33781,clang-tidy: Remove no longer needed NOLINT,https://github.com/bitcoin/bitcoin/pull/33781,merged,2025-11-04T17:47:43Z,2025-11-05T10:06:41Z,2025-11-05T10:06:41Z,,,1,1,1,1,0,0,,,Removes unnecessary NOLINT comments from the codebase that were previously needed to suppress clang-tidy warnings but are no longer required.,"This cleanup likely reduces code noise and improves maintainability by removing obsolete linter suppressions, which may help developers focus on legitimate code quality issues without being distracted by outdated annotations.",build,cleanup
33810,ci: Add IWYU job,https://github.com/bitcoin/bitcoin/pull/33810,merged,2025-11-06T23:27:52Z,2025-12-22T17:39:46Z,2025-12-22T17:39:46Z,Tests,Tests,6,653,12,12,20,45,fanquake;maflcko;sedited;w0xlt,,"Creates a separate CI job specifically for include-what-you-use (IWYU) checks, moving them out of the existing tidy job to provide faster feedback to developers.","This change likely improves the development workflow by providing quicker feedback on header dependency issues, which may help developers catch and fix include problems earlier in the development process without waiting for longer-running CI jobs to complete.",tests,refactor
33818,ci: Extend tidy job to cover kernel code,https://github.com/bitcoin/bitcoin/pull/33818,merged,2025-11-07T12:44:46Z,2025-11-07T15:28:57Z,2025-11-07T15:28:57Z,Tests,Tests,1,1,1,1,3,0,maflcko,,Extends the continuous integration tidy job to include kernel code in automated code quality checks.,"This likely helps maintain code quality standards across Bitcoin's kernel components, which may be critical for ensuring the reliability and maintainability of core consensus and validation logic.",tests,test
33826,scripted-diff: Remove obsolete comment,https://github.com/bitcoin/bitcoin/pull/33826,merged,2025-11-08T16:48:39Z,2025-11-10T10:59:58Z,2025-11-10T10:59:58Z,Docs,Docs,1,6,6,5,0,1,rkrux,32697;32881,Removes outdated comments that became obsolete after previous changes to the codebase.,"This appears to help keep the codebase documentation current and accurate, which may reduce developer confusion and improve code maintainability.",docs,cleanup
33827,doc: Correct `pkgin` command usage on NetBSD,https://github.com/bitcoin/bitcoin/pull/33827,merged,2025-11-08T19:10:43Z,2025-11-10T10:29:23Z,2025-11-10T10:29:23Z,Docs,Docs,1,3,3,1,1,1,,,Fixes documentation for the pkgin package manager command on NetBSD by adding the required 'install' subcommand.,"This likely helps NetBSD users correctly install Bitcoin dependencies, potentially expanding the platform compatibility and user base for Bitcoin Core.",docs,docs
33841,cmake: Switch to `minisketch` upstream build system,https://github.com/bitcoin/bitcoin/pull/33841,open,2025-11-10T14:38:12Z,,,Build system,Build system,1,17,85,2,1,,BrandonOdiwuor,,Changes the build system to use minisketch's native build system instead of a custom integration.,This may help maintain better compatibility with upstream minisketch updates and could reduce maintenance burden by leveraging the library's official build configuration.,build,refactor
33852,"test, refactor: Fix `-Warray-bounds` warning",https://github.com/bitcoin/bitcoin/pull/33852,closed,2025-11-11T13:26:17Z,,2025-11-11T13:32:49Z,Refactoring;Tests,Tests,1,1,1,1,0,0,,,Fixes a compiler warning about array bounds that occurs when using GCC 14 for Windows cross-compilation.,"This likely helps ensure Bitcoin Core can be built cleanly with newer compiler versions, which may be important for maintaining build compatibility and catching potential memory safety issues.",tests,bugfix
33857,doc: Add `x86_64-w64-mingw32ucrt` triplet to `depends/README.md`,https://github.com/bitcoin/bitcoin/pull/33857,merged,2025-11-11T17:48:28Z,2025-12-03T13:50:24Z,2025-12-03T13:50:24Z,Docs;Windows;Build system,Docs,2,7,3,2,15,21,fanquake;hodlinator;m3dwards,,Updates documentation to include the new x86_64-w64-mingw32ucrt build target for Windows cross-compilation. This is part of migrating to the modern UCRT runtime for Windows builds.,"This likely helps modernize Bitcoin Core's Windows builds by moving to a more current runtime environment, which may improve compatibility with newer Windows systems and development tools.",docs,docs
33861,build: Bump VS minimum supported version to 18.3,https://github.com/bitcoin/bitcoin/pull/33861,merged,2025-11-12T15:09:54Z,2026-02-11T11:20:43Z,2026-02-11T11:20:43Z,Refactoring;Windows;Build system,Build system,2,29,38,5,10,90,hodlinator;janb84;maflcko,,Increases the minimum required Visual Studio version to 18.3 for Windows builds. This change addresses bug fixes and resolves a specific vcpkg issue.,"This appears to ensure more reliable Windows builds by requiring a Visual Studio version with important bug fixes, which may reduce build failures and improve development experience for Windows contributors.",build,refactor
33865,cmake: Specify Windows plugin path in `test_bitcoin-qt` property,https://github.com/bitcoin/bitcoin/pull/33865,merged,2025-11-12T19:10:37Z,2025-11-15T16:20:05Z,2025-11-15T16:20:05Z,Windows;Build system;Tests,Build system,1,8,6,2,3,2,purpleKarrot,,Configures CMake to automatically set the Qt plugin path for Windows test builds. This removes the need for developers to manually set the QT_PLUGIN_PATH environment variable.,"This likely streamlines the testing process on Windows by eliminating manual configuration steps, which may encourage more thorough testing and reduce setup friction for developers working on GUI components.",tests,feature
33876,doc: Update NetBSD Build Guide,https://github.com/bitcoin/bitcoin/pull/33876,merged,2025-11-15T13:13:21Z,2025-11-17T10:23:46Z,2025-11-17T10:23:46Z,Docs,Docs,1,1,1,1,0,1,,,Updates NetBSD build documentation to use Python 3.13 packages instead of Python 3.10 packages. This reflects the current package availability on NetBSD 10.1.,"This appears to ensure that NetBSD users can successfully build Bitcoin Core by referencing packages that are actually available in the current NetBSD package repository, which may help maintain platform compatibility.",docs,docs
33906,depends: Add patch for Windows11Style plugin,https://github.com/bitcoin/bitcoin/pull/33906,merged,2025-11-18T22:38:03Z,2025-11-25T17:06:58Z,2025-11-25T17:06:58Z,Windows;Build system,Build system,1,115,0,2,0,6,,,Adds a patch for the Windows11Style Qt plugin to fix GUI styling issues. This addresses a specific visual problem in the Bitcoin Core interface on Windows.,"This likely improves the user experience on Windows by fixing GUI rendering problems, which may help Bitcoin Core appear more professional and native on Windows 11 systems.",gui,bugfix
33918,depends: Update Qt download link,https://github.com/bitcoin/bitcoin/pull/33918,merged,2025-11-20T17:23:32Z,2025-11-25T12:22:21Z,2025-11-25T12:22:22Z,Build system,Build system,1,4,4,1,0,4,fanquake,,Updates the Qt download link in the build system from an unreliable source to a GitHub mirror. This addresses issues with the previous download location being unavailable.,"This change likely improves build reliability for developers and CI systems by ensuring the Qt dependency can be consistently downloaded, which may help reduce build failures and improve the development experience.",build,bugfix
33924,qa: Remove no longer needed `feature_dirsymlinks.py`,https://github.com/bitcoin/bitcoin/pull/33924,closed,2025-11-22T15:56:30Z,,2025-12-05T11:50:40Z,Tests,Tests,1,0,42,2,0,12,,,Removes an obsolete functional test file that was no longer needed after previous cleanup of unused directory creation workarounds. This follows up on earlier refactoring work.,"This cleanup likely reduces maintenance burden by removing dead code and may help keep the test suite focused on relevant functionality, potentially improving test execution time and reducing confusion for developers.",tests,cleanup
33929,test: Remove `system_tests/run_command` runtime dependencies,https://github.com/bitcoin/bitcoin/pull/33929,merged,2025-11-23T23:03:10Z,2026-03-06T12:40:19Z,2026-03-06T12:40:19Z,Tests,Tests,2,59,26,4,13,102,fanquake;janb84;maflcko;sedited,,"Removes runtime dependencies on system utilities like 'cat', 'echo', 'false', and 'sh' from system tests. This reduces platform-specific code paths and external dependencies.","This change likely improves build portability across different systems and package managers, and may help reduce the complexity of packaging Bitcoin Core for various distributions by eliminating external tool dependencies.",tests,refactor
33971,cmake: Set `WITH_ZMQ` to `ON` in Windows presets,https://github.com/bitcoin/bitcoin/pull/33971,merged,2025-11-30T13:13:02Z,2025-12-01T09:58:19Z,2025-12-01T09:58:19Z,Windows;Build system,Build system,1,7,5,3,0,0,fdtwd8vv45-sketch,,Enables the ZMQ (ZeroMQ) configuration option by default in Windows CMake build presets. The ZeroMQ feature was already enabled in the package configuration but not in the build preset.,"This change likely ensures consistency between package configuration and build settings on Windows, and may help Windows users access ZMQ functionality for receiving Bitcoin Core notifications without additional configuration steps.",build,bugfix
33972,cmake: Make `BUILD_KERNEL_TEST` depend on `BUILD_KERNEL_LIB`,https://github.com/bitcoin/bitcoin/pull/33972,merged,2025-11-30T13:45:57Z,2025-12-01T10:37:42Z,2025-12-01T10:37:42Z,Build system,Build system,1,1,1,1,0,0,sedited,,Fixes CMake configuration to make the kernel test build option properly depend on the kernel library build option. This corrects misleading configuration output that showed kernel tests as enabled when the underlying library was disabled.,"This change likely prevents build errors and confusion by ensuring logical dependencies are properly enforced in the build system, which may help developers avoid invalid build configurations when working with experimental kernel components.",build,bugfix
33974,cmake: Check dependencies after build option interaction,https://github.com/bitcoin/bitcoin/pull/33974,open,2025-11-30T15:50:06Z,,,Build system;Needs rebase,Build system,1,91,75,2,7,,BrandonOdiwuor;fanquake;sedited,,"Reorganizes the CMake configuration to check dependencies only after build options are finalized, avoiding unnecessary dependency checks. This appears to optimize the build configuration process by eliminating redundant work.","This change likely improves build performance and reduces complexity by ensuring dependency discovery only occurs for features that are actually enabled, which may help streamline the development workflow and reduce build times.",build,refactor
33975,"depends, doc: Add `tcl` as build dependency for `sqlite` package",https://github.com/bitcoin/bitcoin/pull/33975,closed,2025-11-30T22:26:38Z,,2025-12-03T15:25:06Z,Docs;Build system,Docs,1,1,1,1,1,2,hebasto;janb84,,Adds `tcl` as a build dependency for the `sqlite` package in the depends system and updates documentation. This addresses build failures when neither `jimsh` nor `tclsh` are available on the system.,"This change likely ensures more reliable builds across different environments by explicitly declaring a required dependency, which may help prevent build failures on systems that don't have the necessary tools pre-installed.",build,bugfix
33995,depends: Propagate native C compiler to `sqlite` package,https://github.com/bitcoin/bitcoin/pull/33995,merged,2025-12-02T14:50:16Z,2025-12-05T17:24:57Z,2025-12-05T17:24:57Z,Build system,Build system,2,26,2,3,0,3,sedited,,Ensures the native C compiler is properly propagated to the `sqlite` package build process and removes the `tcl` package from the Guix manifest. This provides an alternative solution to build issues with sqlite.,"This approach likely provides a more elegant solution to sqlite build issues by leveraging existing compiler tooling rather than adding new dependencies, which may help maintain build system simplicity while ensuring compatibility.",build,bugfix
34047,cmake: Add fail pattern to `try_append_cxx_flags`,https://github.com/bitcoin/bitcoin/pull/34047,closed,2025-12-10T21:14:51Z,,2026-02-09T10:18:33Z,Build system,Build system,1,5,1,1,9,60,fanquake;maflcko,,Adds a fail pattern to the `try_append_cxx_flags` function in CMake to handle cases where build environments provide flags that interfere with compiler flag detection. This addresses issues in environments like OSS-Fuzz.,"This change likely ensures more reliable compiler flag detection in specialized build environments, which may help maintain code quality standards and prevent compilation issues in automated testing and fuzzing infrastructures.",build,bugfix
34090,net: Fix `-Wmissing-braces`,https://github.com/bitcoin/bitcoin/pull/34090,merged,2025-12-17T14:53:51Z,2026-01-22T11:40:05Z,2026-01-22T11:40:05Z,P2P,P2P,1,22,7,5,0,35,sedited;vasild,,Fixes `-Wmissing-braces` warnings that occur on some non-POSIX platforms when using certain network-related macros. This addresses compiler warnings specifically seen on platforms like OpenIndiana/illumos.,"This change likely improves Bitcoin Core's portability across different operating systems by resolving platform-specific compiler warnings, which may help ensure the software can be built and run reliably on a broader range of systems.",p2p,cleanup
34103,cmake: Add missed `Boost::headers`,https://github.com/bitcoin/bitcoin/pull/34103,closed,2025-12-18T14:44:31Z,,2025-12-23T22:17:46Z,Build system,Build system,1,1,0,1,0,5,,,Adds missing Boost::headers dependency to the CMake build system to fix compilation failures on Fedora 43.,"This likely ensures that Bitcoin Core can be reliably built on newer Linux distributions, which may help maintain broader compatibility and reduce build issues for developers and packagers.",build,bugfix
34107,build: Update minimum required Boost version,https://github.com/bitcoin/bitcoin/pull/34107,merged,2025-12-18T20:42:54Z,2025-12-19T15:24:03Z,2025-12-19T15:24:03Z,Build system,Build system,1,2,2,2,0,0,janb84;l0rinc;pablomartin4btc,,Updates the minimum required Boost version from 1.73.0 to 1.74.0 due to build incompatibilities introduced by recent changes.,"This appears to maintain build system stability by requiring a Boost version that's compatible with recent code changes, likely preventing compilation errors while still supporting all major distributions.",build,bugfix
34116,cmake: Fix debugging info,https://github.com/bitcoin/bitcoin/pull/34116,closed,2025-12-19T15:57:19Z,,2026-01-14T13:17:38Z,Build system,Build system,3,11,14,5,1,25,maflcko,,Fixes debugging information issues in the CMake build by reverting a previous change that caused multiple unintended problems.,"This may help developers debug Bitcoin Core more effectively by ensuring proper debugging symbols are generated, which could facilitate faster development and troubleshooting of issues.",build,bugfix
34127,iwyu: Add `pragma: always_keep` to `bitcoin-build-config.h`,https://github.com/bitcoin/bitcoin/pull/34127,closed,2025-12-20T17:25:39Z,,2025-12-21T17:36:50Z,Refactoring,,3,69,74,67,0,1,,,Adds an 'always_keep' pragma to the bitcoin-build-config.h header to streamline include-what-you-use (IWYU) tool usage.,"This likely improves code maintenance efficiency by reducing repetitive pragma statements throughout the codebase, which may help developers keep headers organized and dependencies explicit.",build,cleanup
34143,build: Prevent system header fallback and include path pollution,https://github.com/bitcoin/bitcoin/pull/34143,merged,2025-12-23T22:17:29Z,2026-02-11T17:43:16Z,2026-02-11T17:43:16Z,Bug;Build system,Build system,4,12,3,5,1,49,hebasto;theuni,,Prevents system header fallback and include path pollution in the depends build subsystem to avoid masked missing dependencies.,"This appears to make the build system more robust by ensuring dependencies are explicitly declared rather than accidentally satisfied, which may prevent future build breakages when dependencies change.",build,bugfix
34168,qa: Require `--exclude` for each excluded test,https://github.com/bitcoin/bitcoin/pull/34168,merged,2025-12-29T11:02:05Z,2026-01-13T22:41:01Z,2026-01-13T22:41:01Z,Tests,Tests,1,19,10,4,9,15,l0rinc;rkrux,,This PR modifies the test runner to allow the `--exclude` argument to be split across multiple lines with optional comments for each excluded test. This makes it easier to manage and document long lists of excluded tests in CI scripts.,This change likely improves the maintainability of CI scripts by allowing developers to document why specific tests are excluded and organize exclusions more clearly. This may help reduce confusion when managing complex test suites and could make it easier to track which tests need attention.,tests,feature
34182,doc: Update OpenBSD Build Guide,https://github.com/bitcoin/bitcoin/pull/34182,merged,2025-12-30T20:03:01Z,2025-12-31T11:15:43Z,2025-12-31T11:15:43Z,Docs;Build system,Docs,1,6,3,1,0,0,janb84,,This PR updates the OpenBSD build documentation to reflect that OpenBSD 7.8 now ships with LLVM/Clang 19.1.7. This version meets Bitcoin Core's recently updated minimum compiler requirements.,This documentation update likely helps OpenBSD users understand that they can now build Bitcoin Core with the system-provided compiler without needing to install additional toolchain components. This may reduce build complexity and improve the user experience for developers on OpenBSD systems.,docs,docs
